"","replicate","classifier","param_1","param_2","error_count","error_pct"
"1","1","knn","4","-1","551","0.695707070707071"
"2","1","rf","500","75","515","0.650252525252525"
"3","1","svm","100","-1","507","0.640151515151515"
"4","1","bayes","-1","-1","693","0.875"
"5","2","knn","8","-1","533","0.672979797979798"
"6","2","rf","250","75","505","0.637626262626263"
"7","2","svm","100","-1","491","0.619949494949495"
"8","2","bayes","-1","-1","685","0.86489898989899"
