"","cost","error_pct"
"1",1,0.684343434343434
"2",10,0.684343434343434
"3",25,0.681818181818182
"4",50,0.669191919191919
"5",75,0.664141414141414
"6",100,0.636363636363636
"7",1,0.631313131313131
"8",10,0.631313131313131
"9",25,0.628787878787879
"10",50,0.626262626262626
"11",75,0.623737373737374
"12",100,0.601010101010101
